{
  "strategies": {
    "ai_scoring": {
      "starting_balance": 10000,
      "final_balance": 6699.453227317221,
      "total_return": -0.330054677268278,
      "annual_return": -0.07711870171150736,
      "win_rate": 0.2814814814814815,
      "loss_rate": 0.7185185185185186,
      "average_win": 254.7076406439067,
      "average_loss": -133.808630073724,
      "risk_reward": 1.9035217721276383,
      "max_drawdown": -0.3825214395910374,
      "sharpe_ratio": -0.5181355178359865,
      "sortino_ratio": -0.5380796301623979,
      "calmar_ratio": -0.20160622054010036,
      "profit_factor": 0.7457095602149514,
      "total_trades": 135,
      "longest_win_streak": 4,
      "longest_loss_streak": 13
    },
    "ema_cross": {
      "starting_balance": 10000,
      "final_balance": 10785.149179124048,
      "total_return": 0.07851491791240472,
      "annual_return": 0.01525920471526021,
      "win_rate": 0.3448275862068966,
      "loss_rate": 0.6551724137931034,
      "average_win": 358.1017759601425,
      "average_loss": -147.1509779198622,
      "risk_reward": 2.433567082069704,
      "max_drawdown": -0.10137169795091464,
      "sharpe_ratio": 0.30369749893263964,
      "sortino_ratio": 0.22355198463129075,
      "calmar_ratio": 0.15052726770591232,
      "profit_factor": 1.2808247800366859,
      "total_trades": 29,
      "longest_win_streak": 2,
      "longest_loss_streak": 6
    },
    "rsi_meanrev": {
      "starting_balance": 10000,
      "final_balance": 7757.973345264795,
      "total_return": -0.22420266547352052,
      "annual_return": -0.0495914255232186,
      "win_rate": 0.2903225806451613,
      "loss_rate": 0.7096774193548387,
      "average_win": 97.42831768262099,
      "average_loss": -141.7673415399452,
      "risk_reward": 0.6872409161680514,
      "max_drawdown": -0.24358957573608986,
      "sharpe_ratio": -0.7759806998401231,
      "sortino_ratio": -0.33279177182733527,
      "calmar_ratio": -0.2035859924356821,
      "profit_factor": 0.2811440111596574,
      "total_trades": 31,
      "longest_win_streak": 2,
      "longest_loss_streak": 8
    }
  },
  "optimisation": {
    "best_params": {
      "fast": 9,
      "slow": 26
    },
    "top5": [
      {
        "fast": 9,
        "slow": 26,
        "starting_balance": 10000,
        "final_balance": 11562.364462973126,
        "total_return": 0.1562364462973127,
        "annual_return": 0.029512942189227953,
        "win_rate": 0.36363636363636365,
        "loss_rate": 0.6363636363636364,
        "average_win": 392.8950592769357,
        "average_loss": -150.1131546833381,
        "risk_reward": 2.6173259772319293,
        "max_drawdown": -0.10901132819437738,
        "sharpe_ratio": 0.5174118467905934,
        "sortino_ratio": 0.39165523081457276,
        "calmar_ratio": 0.27073280069208605,
        "profit_factor": 1.4956148441325312,
        "total_trades": 33,
        "longest_win_streak": 2,
        "longest_loss_streak": 6,
        "objective": 0.5174118467905934
      },
      {
        "fast": 12,
        "slow": 50,
        "starting_balance": 10000,
        "final_balance": 10991.724769983475,
        "total_return": 0.09917247699834753,
        "annual_return": 0.019125835283067882,
        "win_rate": 0.3888888888888889,
        "loss_rate": 0.6111111111111112,
        "average_win": 412.7959466974916,
        "average_loss": -172.53153244536043,
        "risk_reward": 2.392582624444151,
        "max_drawdown": -0.09182214299422942,
        "sharpe_ratio": 0.43625823544418746,
        "sortino_ratio": 0.30429689002659444,
        "calmar_ratio": 0.20829219030827728,
        "profit_factor": 1.5225525791917323,
        "total_trades": 18,
        "longest_win_streak": 2,
        "longest_loss_streak": 4,
        "objective": 0.43625823544418746
      },
      {
        "fast": 20,
        "slow": 26,
        "starting_balance": 10000,
        "final_balance": 10720.617598686571,
        "total_return": 0.07206175986865704,
        "annual_return": 0.014039181522101929,
        "win_rate": 0.4090909090909091,
        "loss_rate": 0.5909090909090909,
        "average_win": 296.54203565066024,
        "average_loss": -149.8662093976439,
        "risk_reward": 1.9787117912873713,
        "max_drawdown": -0.10291260686258305,
        "sharpe_ratio": 0.30437134632211543,
        "sortino_ratio": 0.19423178223010656,
        "calmar_ratio": 0.13641848117644265,
        "profit_factor": 1.3698773939681799,
        "total_trades": 22,
        "longest_win_streak": 2,
        "longest_loss_streak": 5,
        "objective": 0.30437134632211543
      },
      {
        "fast": 12,
        "slow": 26,
        "starting_balance": 10000,
        "final_balance": 10785.149179124048,
        "total_return": 0.07851491791240472,
        "annual_return": 0.01525920471526021,
        "win_rate": 0.3448275862068966,
        "loss_rate": 0.6551724137931034,
        "average_win": 358.1017759601425,
        "average_loss": -147.1509779198622,
        "risk_reward": 2.433567082069704,
        "max_drawdown": -0.10137169795091464,
        "sharpe_ratio": 0.30369749893263964,
        "sortino_ratio": 0.22355198463129075,
        "calmar_ratio": 0.15052726770591232,
        "profit_factor": 1.2808247800366859,
        "total_trades": 29,
        "longest_win_streak": 2,
        "longest_loss_streak": 6,
        "objective": 0.30369749893263964
      },
      {
        "fast": 9,
        "slow": 50,
        "starting_balance": 10000,
        "final_balance": 10285.789350746272,
        "total_return": 0.028578935074627276,
        "annual_return": 0.005661648955471055,
        "win_rate": 0.4,
        "loss_rate": 0.6,
        "average_win": 314.06814911531706,
        "average_loss": -185.56298684802195,
        "risk_reward": 1.692515056208608,
        "max_drawdown": -0.1135360914113404,
        "sharpe_ratio": 0.14764315941403566,
        "sortino_ratio": 0.0916191697598215,
        "calmar_ratio": 0.04986651279863901,
        "profit_factor": 1.1283433708057387,
        "total_trades": 20,
        "longest_win_streak": 2,
        "longest_loss_streak": 4,
        "objective": 0.14764315941403566
      }
    ]
  },
  "best": {
    "starting_balance": 10000,
    "final_balance": 11562.364462973126,
    "total_return": 0.1562364462973127,
    "annual_return": 0.029512942189227953,
    "win_rate": 0.36363636363636365,
    "loss_rate": 0.6363636363636364,
    "average_win": 392.8950592769357,
    "average_loss": -150.1131546833381,
    "risk_reward": 2.6173259772319293,
    "max_drawdown": -0.10901132819437738,
    "sharpe_ratio": 0.5174118467905934,
    "sortino_ratio": 0.39165523081457276,
    "calmar_ratio": 0.27073280069208605,
    "profit_factor": 1.4956148441325312,
    "total_trades": 33,
    "longest_win_streak": 2,
    "longest_loss_streak": 6,
    "strategy": "ema_cross",
    "params": {
      "fast": 9,
      "slow": 26
    },
    "insights": [
      "Strategy performs best during **sideways** markets ($2235 across 13 trades).",
      "Most losses occur during **bearish** markets ($-551 across 10 trades).",
      "Very few trades \u2014 relax entry thresholds (e.g. raise RSI buy-below from 30 to 35).",
      "Longest losing streak is 6 \u2014 add a circuit-breaker that pauses trading after N consecutive losses."
    ]
  },
  "benchmark": {
    "buy_and_hold_return": 0.8994556398273417,
    "asset": "BTCUSDT",
    "start": "2021-06-23",
    "end": "2026-06-21",
    "bars": 1825
  }
}